bot,niveau,taille,cases,status,time,wall,verified,reason
cp8,4x4-0,4,16,solved,0.03651009999884991,0.44,True,
cp8,4x4-1,4,16,solved,0.024278700002469122,0.436,True,
cp8,4x4-2,4,16,solved,0.030680099996970966,0.433,True,
cp8,4x4-3,4,16,solved,0.02462500000547152,0.437,True,
cp8,4x4-4,4,16,solved,0.021513100000447594,0.421,True,
cp1,4x4-0,4,16,solved,0.02662409999902593,0.44,True,
cp1,4x4-1,4,16,solved,0.011503499998070765,0.415,True,
cp1,4x4-2,4,16,solved,0.013718800000788178,0.423,True,
cp1,4x4-3,4,16,solved,0.009250900002371054,0.422,True,
cp1,4x4-4,4,16,solved,0.012028199998894706,0.423,True,
upstream,4x4-0,4,16,solved,0.11748349999834318,0.197,True,
upstream,4x4-1,4,16,solved,0.03741680000530323,0.113,True,
upstream,4x4-2,4,16,solved,0.02444590000231983,0.101,True,
upstream,4x4-3,4,16,solved,0.022620899995672517,0.098,True,
upstream,4x4-4,4,16,solved,0.02813570000580512,0.104,True,
arlencox,4x4-0,4,16,solved,0.31865779999498045,0.422,True,
arlencox,4x4-1,4,16,solved,0.2329431000034674,0.33,True,
arlencox,4x4-2,4,16,solved,0.30614410000271164,0.405,True,
arlencox,4x4-3,4,16,solved,0.4706117000023369,0.57,True,
arlencox,4x4-4,4,16,solved,0.14280780000262894,0.24,True,
cp8,5x5-0,5,25,solved,0.037449999996169936,0.451,True,
cp8,5x5-1,5,24,solved,0.04011200000240933,0.455,True,
cp8,5x5-2,5,25,solved,0.03246529999887571,0.447,True,
cp8,5x5-3,5,25,solved,0.04724050000368152,0.472,True,
cp8,5x5-4,5,25,solved,0.02888410000014119,0.449,True,
cp1,5x5-0,5,25,solved,0.03442360000190092,0.444,True,
cp1,5x5-1,5,24,solved,0.028524299996206537,0.436,True,
cp1,5x5-2,5,25,solved,0.01708340000186581,0.42,True,
cp1,5x5-3,5,25,solved,0.03197830000135582,0.458,True,
cp1,5x5-4,5,25,solved,0.016641999995044898,0.434,True,
upstream,5x5-0,5,25,solved,0.3814822999993339,0.458,True,
upstream,5x5-1,5,24,solved,0.8113477000006242,0.892,True,
upstream,5x5-2,5,25,solved,0.8720316000035382,0.953,True,
upstream,5x5-3,5,25,solved,0.36954939999850467,0.448,True,
upstream,5x5-4,5,25,solved,0.09200829999463167,0.17,True,
arlencox,5x5-0,5,25,solved,1.2085368000043673,1.312,True,
arlencox,5x5-1,5,24,solved,0.8125857000050019,0.915,True,
arlencox,5x5-2,5,25,solved,0.24510419999569422,0.353,True,
arlencox,5x5-3,5,25,solved,2.4867444000046817,2.589,True,
arlencox,5x5-4,5,25,solved,0.49781139999686275,0.62,True,
cp8,6x6-0,6,36,solved,0.046786400002019946,0.477,True,
cp8,6x6-1,6,36,solved,0.08928089999972144,0.52,True,
cp8,6x6-2,6,36,solved,0.06856639999750769,0.512,True,
cp8,6x6-3,6,36,solved,0.061163200000009965,0.481,True,
cp8,6x6-4,6,36,solved,0.05444960000022547,0.482,True,
cp1,6x6-0,6,36,solved,0.03679769999871496,0.471,True,
cp1,6x6-1,6,36,solved,0.1024768999996013,0.525,True,
cp1,6x6-2,6,36,solved,0.08015290000184905,0.505,True,
cp1,6x6-3,6,36,solved,0.03820790000463603,0.462,True,
cp1,6x6-4,6,36,solved,0.03802690000156872,0.47,True,
upstream,6x6-0,6,36,solved,11.33913549999852,11.433,True,
upstream,6x6-1,6,36,solved,16.066466000003857,16.164,True,
upstream,6x6-2,6,36,timeout,61.115802899999835,61.227,False,
upstream,6x6-3,6,36,solved,10.834061500005191,10.936,True,
upstream,6x6-4,6,36,solved,2.197676499999943,2.304,True,
arlencox,6x6-0,6,36,solved,0.657203999995545,0.809,True,
arlencox,6x6-1,6,36,solved,3.124844199999643,3.354,True,
arlencox,6x6-2,6,36,solved,1.6552283999990323,1.806,True,
arlencox,6x6-3,6,36,solved,0.6961545000012848,0.828,True,
arlencox,6x6-4,6,36,solved,0.7096049999963725,0.845,True,
cp8,7x7-0,7,49,solved,0.4569936999978381,1.381,True,
cp8,7x7-1,7,49,solved,0.5114680000042426,1.361,True,
cp8,7x7-2,7,49,solved,0.1656543999997666,0.982,True,
cp8,7x7-3,7,49,solved,0.22241610000492074,0.976,True,
cp8,7x7-4,7,49,solved,0.2513584999978775,0.907,True,
cp1,7x7-0,7,49,solved,0.20419229999970412,0.867,True,
cp1,7x7-1,7,49,solved,0.20414639999944484,0.808,True,
cp1,7x7-2,7,49,solved,0.28185410000151023,0.844,True,
cp1,7x7-3,7,49,solved,0.5695038999983808,1.123,True,
cp1,7x7-4,7,49,solved,0.10324169999512378,0.649,True,
upstream,7x7-0,7,49,timeout,61.38943889999791,61.512,False,
upstream,7x7-1,7,49,timeout,62.99216190000152,63.144,False,
upstream,7x7-2,7,49,timeout,61.88709799999924,62.04,False,
upstream,7x7-3,7,49,timeout,62.15757999999914,62.273,False,
upstream,7x7-4,7,49,timeout,63.45711350000056,63.686,False,
arlencox,7x7-0,7,49,timeout,61.8585030999966,62.565,False,
arlencox,7x7-1,7,49,solved,17.002104599996528,17.426,True,
arlencox,7x7-2,7,49,solved,16.271050399998785,16.423,True,
arlencox,7x7-3,7,49,solved,2.821475200005807,2.939,True,
arlencox,7x7-4,7,49,solved,6.437180799999624,6.554,True,
cp8,8x8-0,8,64,solved,0.3146347000001697,0.892,True,
cp8,8x8-1,8,63,solved,0.36620440000115195,0.842,True,
cp8,8x8-2,8,64,solved,0.6752223000003141,1.142,True,
cp8,8x8-3,8,64,solved,0.958306000000448,1.437,True,
cp8,8x8-4,8,61,solved,0.5412313999986509,1.036,True,
cp1,8x8-0,8,64,solved,0.5616566000026069,1.066,True,
cp1,8x8-1,8,63,solved,0.5825579999946058,1.079,True,
cp1,8x8-2,8,64,solved,2.0685219999941182,2.536,True,
cp1,8x8-3,8,64,solved,2.793721699999878,3.279,True,
cp1,8x8-4,8,61,solved,1.7111651000013808,2.191,True,
arlencox,8x8-0,8,64,solved,18.902591599995503,19.045,True,
arlencox,8x8-1,8,63,solved,7.666479400002572,7.804,True,
arlencox,8x8-2,8,64,solved,32.33919650000462,32.479,True,
arlencox,8x8-3,8,64,solved,51.92723049999768,52.065,True,
arlencox,8x8-4,8,61,solved,35.105896900000516,35.322,True,
cp8,9x9-0,9,77,solved,0.3026769999996759,0.865,True,
cp8,9x9-1,9,78,solved,6.095196900001611,6.634,True,
cp8,9x9-2,9,77,solved,0.6150762000033865,1.195,True,
cp8,9x9-3,9,80,solved,5.325127500000235,5.909,True,
cp8,9x9-4,9,77,solved,1.3263699999952223,1.934,True,
cp1,9x9-0,9,77,solved,3.9227564000029815,4.507,True,
cp1,9x9-1,9,78,solved,2.1862879999971483,2.726,True,
cp1,9x9-2,9,77,solved,0.8134254999968107,1.36,True,
cp1,9x9-3,9,80,solved,7.702112999999372,8.243,True,
cp1,9x9-4,9,77,solved,1.6586822999961441,2.233,True,
arlencox,9x9-0,9,77,timeout,63.68139700000029,63.835,False,
arlencox,9x9-1,9,78,timeout,,65.011,False,
arlencox,9x9-2,9,77,timeout,,65.018,False,
arlencox,9x9-3,9,80,timeout,,65.018,False,
arlencox,9x9-4,9,77,timeout,,65.019,False,
cp8,10x10-0,10,99,solved,3.239959499995166,3.73,True,
cp8,10x10-1,10,97,solved,3.051099800002703,3.543,True,
cp8,10x10-2,10,100,solved,0.8800856000016211,1.417,True,
cp8,10x10-3,10,98,solved,6.26037560000259,6.758,True,
cp8,10x10-4,10,98,solved,5.339608700000099,5.836,True,
cp1,10x10-0,10,99,timeout,60.022683300005156,60.587,False,
cp1,10x10-1,10,97,solved,1.5575336999972933,1.996,True,
cp1,10x10-2,10,100,solved,1.382107500001439,1.804,True,
cp1,10x10-3,10,98,solved,12.48470819999784,12.908,True,
cp1,10x10-4,10,98,solved,8.514461599996139,8.95,True,
cp8,11x11-0,11,121,solved,11.066137300003902,11.504,True,
cp8,11x11-1,11,117,solved,5.3833154999956605,5.855,True,
cp8,11x11-2,11,119,solved,27.407499199995073,27.871,True,
cp8,11x11-3,11,115,solved,2.3941430000049877,2.861,True,
cp8,11x11-4,11,116,solved,21.56686769999942,22.024,True,
cp1,11x11-0,11,121,solved,23.830388900001708,24.273,True,
cp1,11x11-1,11,117,solved,6.827005199993437,7.254,True,
cp1,11x11-2,11,119,solved,14.78559210000094,15.222,True,
cp1,11x11-3,11,115,solved,16.255047799997556,16.696,True,
cp1,11x11-4,11,116,solved,55.36231489999773,55.775,True,
cp8,12x12-0,12,137,solved,31.83029869999882,32.273,True,
cp8,12x12-1,12,139,solved,5.540010600001551,5.988,True,
cp8,12x12-2,12,143,timeout,,293.311,False,
cp8,12x12-3,12,140,solved,7.434062300002552,8.187,True,
cp8,12x12-4,12,140,solved,9.090225599997211,9.538,True,
cp1,12x12-0,12,137,solved,53.935173199999554,54.364,True,
cp1,12x12-1,12,139,solved,6.00601650000317,6.422,True,
cp1,12x12-2,12,143,solved,53.81432959999802,54.228,True,
cp1,12x12-3,12,140,solved,14.388155200002075,14.795,True,
cp1,12x12-4,12,140,solved,54.8166368999955,55.229,True,
cp8,13x13-0,13,161,solved,33.44017460000032,33.865,True,
cp8,13x13-1,13,161,timeout,60.107819999997446,60.558,False,
cp8,13x13-2,13,163,solved,24.612207899997884,25.093,True,
cp8,13x13-3,13,162,solved,25.521160500000406,25.974,True,
cp8,13x13-4,13,168,solved,37.26014199999918,37.716,True,
cp1,13x13-0,13,161,solved,58.53839269999298,58.989,True,
cp1,13x13-1,13,161,timeout,60.0293773999947,60.457,False,
cp1,13x13-2,13,163,timeout,60.029472199996235,60.456,False,
cp1,13x13-3,13,162,timeout,60.036646100001235,60.467,False,
cp1,13x13-4,13,168,timeout,60.03290900000138,60.459,False,
cp8,14x14-0,14,191,solved,54.987241200004064,55.421,True,
cp8,14x14-1,14,187,solved,56.64253020000615,57.097,True,
cp8,14x14-2,14,189,timeout,60.12170099999639,60.581,False,
cp8,14x14-3,14,187,solved,40.6195746999947,41.093,True,
cp8,14x14-4,14,190,solved,57.71085039999889,58.272,True,
cp8,15x15-0,15,217,timeout,60.15561710000475,60.613,False,
cp8,15x15-1,15,221,timeout,60.151838199999474,60.634,False,
cp8,15x15-2,15,219,timeout,60.167250499995134,60.646,False,
cp8,15x15-3,15,221,timeout,60.157792099998915,60.628,False,
cp8,15x15-4,15,218,timeout,60.122217700001784,60.586,False,
denilsonsa,4x4-0,4,16,solved,0.0096335,0.06,True,
denilsonsa,4x4-1,4,16,solved,0.0011282,0.039,True,
denilsonsa,4x4-2,4,16,solved,0.0018597,0.042,True,
denilsonsa,4x4-3,4,16,solved,0.0004719,0.041,True,
denilsonsa,4x4-4,4,16,solved,0.0077682,0.051,True,
jbosboom,4x4-0,4,16,solved,0.0647543,0.164,True,
jbosboom,4x4-1,4,16,solved,0.0570676,0.127,True,
jbosboom,4x4-2,4,16,solved,0.063101,0.138,True,
jbosboom,4x4-3,4,16,solved,0.0574775,0.125,True,
jbosboom,4x4-4,4,16,solved,0.0577348,0.128,True,
yahvk,4x4-0,4,16,solved,0.009100299997953698,0.009,True,
yahvk,4x4-1,4,16,solved,0.004982000005838927,0.005,True,
yahvk,4x4-2,4,16,solved,0.004741700002341531,0.005,True,
yahvk,4x4-3,4,16,solved,0.004718100004538428,0.005,True,
yahvk,4x4-4,4,16,solved,0.004833500002860092,0.005,True,
denilsonsa,5x5-0,5,25,timeout,,65.009,False,
denilsonsa,5x5-1,5,24,solved,9.5143251,9.559,True,
denilsonsa,5x5-2,5,25,solved,0.4440467,0.486,True,
denilsonsa,5x5-3,5,25,timeout,,65.015,False,
denilsonsa,5x5-4,5,25,solved,2.3337371,2.373,True,
jbosboom,5x5-0,5,25,solved,0.0684157,0.158,True,
jbosboom,5x5-1,5,24,solved,0.1255715,0.222,True,
jbosboom,5x5-2,5,25,solved,0.0624817,0.133,True,
jbosboom,5x5-3,5,25,solved,0.191752,0.291,True,
jbosboom,5x5-4,5,25,solved,0.1226236,0.219,True,
yahvk,5x5-0,5,25,solved,1.0442394999990938,1.044,True,
yahvk,5x5-1,5,24,solved,0.13022759999876143,0.13,True,
yahvk,5x5-2,5,25,solved,0.017781999995349906,0.018,True,
yahvk,5x5-3,5,25,solved,1.88822159999836,1.888,True,
yahvk,5x5-4,5,25,solved,0.00878029999876162,0.009,True,
denilsonsa,6x6-0,6,36,timeout,,65.02,False,
denilsonsa,6x6-1,6,36,solved,15.23465,15.281,True,
denilsonsa,6x6-2,6,36,timeout,,65.017,False,
denilsonsa,6x6-3,6,36,timeout,,65.022,False,
denilsonsa,6x6-4,6,36,timeout,,65.035,False,
jbosboom,6x6-0,6,36,solved,0.9350691,1.342,True,
jbosboom,6x6-1,6,36,timeout,,65.096,False,
jbosboom,6x6-2,6,36,solved,4.5243811,5.52,True,
jbosboom,6x6-3,6,36,solved,0.6633218,1.242,True,
jbosboom,6x6-4,6,36,solved,0.7099527,1.17,True,
yahvk,6x6-0,6,36,solved,9.319978799998353,9.32,True,
yahvk,6x6-1,6,36,solved,0.10010139999940293,0.1,True,
yahvk,6x6-2,6,36,solved,0.05846359999850392,0.058,True,
yahvk,6x6-3,6,36,timeout,,65.019,False,
yahvk,6x6-4,6,36,solved,0.7572225999974762,0.757,True,
jbosboom,7x7-0,7,49,timeout,,65.083,False,
jbosboom,7x7-1,7,49,timeout,,65.069,False,
jbosboom,7x7-2,7,49,timeout,,65.061,False,
jbosboom,7x7-3,7,49,timeout,,65.078,False,
jbosboom,7x7-4,7,49,timeout,,65.077,False,
yahvk,7x7-0,7,49,timeout,,65.029,False,
yahvk,7x7-1,7,49,timeout,,65.017,False,
yahvk,7x7-2,7,49,solved,25.223856200005685,25.224,True,
yahvk,7x7-3,7,49,timeout,,65.026,False,
yahvk,7x7-4,7,49,timeout,,65.027,False,
